{"cameraMode":{"drawMode":0,"name":"Shaded","section":"Shading Mode"},"sceneLighting":true,"audioPlay":false,"sceneViewState":{"showFog":true,"showMaterialUpdate":false,"showSkybox":true,"showFlares":true,"showImageEffects":true,"showParticleSystems":true},"in2DMode":false,"pivot":{"x":-9.71911334991455,"y":2.9322471618652345,"z":3.4450435638427736},"rotation":{"x":0.1484099179506302,"y":0.7624812722206116,"z":-0.18828818202018739,"w":0.6009731888771057},"size":40.9378662109375,"orthographic":false}